epoch,time,train/box_loss,train/cls_loss,train/dfl_loss,metrics/precision(B),metrics/recall(B),metrics/mAP50(B),metrics/mAP50-95(B),val/box_loss,val/cls_loss,val/dfl_loss,lr/pg0,lr/pg1,lr/pg2,lr/pg3,lr/pg4,lr/pg5,lr/pg6,lr/pg7
1,177.712,1.09586,3.4789,1.07491,0.00333,1,0.8929,0.53011,0.66565,3.25133,0.82547,0.00054,0.00018,0.00054,0.00018,0.00054,0.00018,0.00054,0.00018
2,277.353,0.64893,3.21055,0.92269,0.00333,1,0.92787,0.68524,0.25273,3.16752,0.77944,0.00111743,0.000372476,0.00111743,0.000372476,0.00111743,0.000372476,0.00111743,0.000372476
3,350.763,0.47699,2.91084,0.87021,0.00333,1,0.92224,0.84389,0.21548,3.11565,0.7695,0.0016711,0.000557032,0.0016711,0.000557032,0.0016711,0.000557032,0.0016711,0.000557032
4,424.749,0.39471,2.46272,0.84434,0.00333,1,0.995,0.96841,0.27696,2.9726,0.75557,0.002201,0.000733668,0.002201,0.000733668,0.002201,0.000733668,0.002201,0.000733668
5,499.055,0.36505,1.84744,0.82615,0.99974,1,0.995,0.89825,0.40571,2.46892,0.75366,0.00270715,0.000902384,0.00270715,0.000902384,0.00270715,0.000902384,0.00270715,0.000902384
6,566.526,0.39603,1.46906,0.82187,0.99676,1,0.995,0.91549,0.37955,2.02837,0.7475,0.00318954,0.00106318,0.00318954,0.00106318,0.00318954,0.00106318,0.00318954,0.00106318
7,627.104,0.36175,1.34041,0.81183,0.99926,1,0.995,0.93377,0.32873,1.7161,0.74513,0.00364817,0.00121606,0.00364817,0.00121606,0.00364817,0.00121606,0.00364817,0.00121606
8,687.522,0.37681,1.24119,0.8145,0.99863,1,0.995,0.91591,0.39103,1.69376,0.75013,0.00408304,0.00136101,0.00408304,0.00136101,0.00408304,0.00136101,0.00408304,0.00136101
9,748.283,0.37294,1.15778,0.82594,0.99798,1,0.995,0.91334,0.3591,1.79642,0.7493,0.00449414,0.00149805,0.00449414,0.00149805,0.00449414,0.00149805,0.00449414,0.00149805
10,808.739,0.37774,1.12483,0.81845,0.99759,1,0.995,0.96409,0.27486,1.82561,0.75585,0.00488149,0.00162716,0.00488149,0.00162716,0.00488149,0.00162716,0.00488149,0.00162716
11,862.444,0.33588,1.12365,0.81924,0.99741,1,0.995,0.92147,0.30892,1.86631,0.75846,0.004812,0.001604,0.004812,0.001604,0.004812,0.001604,0.004812,0.001604
12,923.694,0.34804,1.10368,0.82668,0.99772,1,0.995,0.94599,0.29022,1.77395,0.75714,0.0046932,0.0015644,0.0046932,0.0015644,0.0046932,0.0015644,0.0046932,0.0015644
13,977.522,0.33082,1.06576,0.8349,0.998,1,0.995,0.92645,0.34072,1.61865,0.75933,0.0045744,0.0015248,0.0045744,0.0015248,0.0045744,0.0015248,0.0045744,0.0015248
14,1037.91,0.32016,1.03701,0.82325,0.99855,1,0.995,0.96999,0.26426,1.41698,0.76144,0.0044556,0.0014852,0.0044556,0.0014852,0.0044556,0.0014852,0.0044556,0.0014852
15,1092.57,0.31184,0.98975,0.83109,0.99861,1,0.995,0.92798,0.32122,1.25765,0.76478,0.0043368,0.0014456,0.0043368,0.0014456,0.0043368,0.0014456,0.0043368,0.0014456
16,1153.02,0.28819,0.89372,0.81261,0.99867,1,0.995,0.97287,0.3053,1.19925,0.76362,0.004218,0.001406,0.004218,0.001406,0.004218,0.001406,0.004218,0.001406
17,1206.81,0.27597,0.89517,0.81475,0.99869,1,0.995,0.95118,0.284,1.10231,0.75687,0.0040992,0.0013664,0.0040992,0.0013664,0.0040992,0.0013664,0.0040992,0.0013664
18,1267.12,0.26723,0.8729,0.81843,0.99867,1,0.995,0.98485,0.19511,1.0289,0.75081,0.0039804,0.0013268,0.0039804,0.0013268,0.0039804,0.0013268,0.0039804,0.0013268
19,1320.96,0.24291,0.80448,0.81061,0.99867,1,0.995,0.98674,0.22916,1.03635,0.75171,0.0038616,0.0012872,0.0038616,0.0012872,0.0038616,0.0012872,0.0038616,0.0012872
20,1381.79,0.25091,0.78799,0.81251,0.99866,1,0.995,0.995,0.19039,0.99545,0.75103,0.0037428,0.0012476,0.0037428,0.0012476,0.0037428,0.0012476,0.0037428,0.0012476
21,1435.72,0.22868,0.79147,0.80295,0.99866,1,0.995,0.99263,0.23069,1.02639,0.75025,0.003624,0.001208,0.003624,0.001208,0.003624,0.001208,0.003624,0.001208
22,1496.25,0.2527,0.83218,0.82436,0.9987,1,0.995,0.98551,0.23524,1.00395,0.75351,0.0035052,0.0011684,0.0035052,0.0011684,0.0035052,0.0011684,0.0035052,0.0011684
23,1549.92,0.24813,0.79414,0.798,0.99869,1,0.995,0.995,0.19553,1.03486,0.75233,0.0033864,0.0011288,0.0033864,0.0011288,0.0033864,0.0011288,0.0033864,0.0011288
24,1611.35,0.23982,0.74157,0.80588,0.99869,1,0.995,0.995,0.16262,0.98482,0.75441,0.0032676,0.0010892,0.0032676,0.0010892,0.0032676,0.0010892,0.0032676,0.0010892
25,1665.41,0.22538,0.76339,0.80627,0.99871,1,0.995,0.97715,0.18979,1.00296,0.7545,0.0031488,0.0010496,0.0031488,0.0010496,0.0031488,0.0010496,0.0031488,0.0010496
26,1727.24,0.22522,0.72118,0.83065,0.99872,1,0.995,0.992,0.17317,0.92317,0.75615,0.00303,0.00101,0.00303,0.00101,0.00303,0.00101,0.00303,0.00101
27,1782.01,0.21394,0.6877,0.80306,0.99872,1,0.995,0.9891,0.20873,0.9422,0.75761,0.0029112,0.0009704,0.0029112,0.0009704,0.0029112,0.0009704,0.0029112,0.0009704
28,1843.06,0.19683,0.70684,0.79718,0.99872,1,0.995,0.995,0.16561,0.9121,0.75789,0.0027924,0.0009308,0.0027924,0.0009308,0.0027924,0.0009308,0.0027924,0.0009308
29,1898.07,0.2327,0.67986,0.81554,0.99872,1,0.995,0.995,0.14606,0.88656,0.7566,0.0026736,0.0008912,0.0026736,0.0008912,0.0026736,0.0008912,0.0026736,0.0008912
30,1959.95,0.20479,0.65704,0.8022,0.99869,1,0.995,0.995,0.1428,0.86246,0.75567,0.0025548,0.0008516,0.0025548,0.0008516,0.0025548,0.0008516,0.0025548,0.0008516
31,2015.04,0.18313,0.66464,0.79031,0.9987,1,0.995,0.995,0.1415,0.84016,0.75659,0.002436,0.000812,0.002436,0.000812,0.002436,0.000812,0.002436,0.000812
32,2076.63,0.18013,0.65539,0.80672,0.99871,1,0.995,0.995,0.14168,0.84688,0.75681,0.0023172,0.0007724,0.0023172,0.0007724,0.0023172,0.0007724,0.0023172,0.0007724
33,2131.02,0.18294,0.63174,0.82509,0.9987,1,0.995,0.995,0.1427,0.81314,0.75717,0.0021984,0.0007328,0.0021984,0.0007328,0.0021984,0.0007328,0.0021984,0.0007328
34,2192.36,0.1808,0.66499,0.81984,0.99872,1,0.995,0.995,0.15042,0.79727,0.75686,0.0020796,0.0006932,0.0020796,0.0006932,0.0020796,0.0006932,0.0020796,0.0006932
35,2246.65,0.16972,0.60691,0.80467,0.99871,1,0.995,0.995,0.13666,0.81565,0.75525,0.0019608,0.0006536,0.0019608,0.0006536,0.0019608,0.0006536,0.0019608,0.0006536
36,2308,0.18533,0.61524,0.81265,0.99871,1,0.995,0.995,0.13155,0.80603,0.7545,0.001842,0.000614,0.001842,0.000614,0.001842,0.000614,0.001842,0.000614
37,2362.53,0.17467,0.64187,0.81918,0.99871,1,0.995,0.995,0.11265,0.77207,0.75531,0.0017232,0.0005744,0.0017232,0.0005744,0.0017232,0.0005744,0.0017232,0.0005744
38,2424.04,0.14705,0.61727,0.79658,0.99873,1,0.995,0.995,0.12013,0.78074,0.75629,0.0016044,0.0005348,0.0016044,0.0005348,0.0016044,0.0005348,0.0016044,0.0005348
39,2481.05,0.15916,0.6181,0.82078,0.99872,1,0.995,0.995,0.09852,0.7571,0.7569,0.0014856,0.0004952,0.0014856,0.0004952,0.0014856,0.0004952,0.0014856,0.0004952
40,2543.33,0.15235,0.58861,0.80303,0.99872,1,0.995,0.995,0.0964,0.74898,0.75687,0.0013668,0.0004556,0.0013668,0.0004556,0.0013668,0.0004556,0.0013668,0.0004556
41,2596.76,0.14162,0.73895,0.77092,0.99872,1,0.995,0.995,0.10669,0.76844,0.75801,0.001248,0.000416,0.001248,0.000416,0.001248,0.000416,0.001248,0.000416
42,2657.18,0.12816,0.70178,0.77476,0.9987,1,0.995,0.995,0.11715,0.7804,0.75721,0.0011292,0.0003764,0.0011292,0.0003764,0.0011292,0.0003764,0.0011292,0.0003764
43,2710.9,0.13953,0.70687,0.76476,0.99871,1,0.995,0.995,0.09712,0.77263,0.75644,0.0010104,0.0003368,0.0010104,0.0003368,0.0010104,0.0003368,0.0010104,0.0003368
44,2771.86,0.13375,0.71886,0.76643,0.99871,1,0.995,0.995,0.08445,0.77202,0.75739,0.0008916,0.0002972,0.0008916,0.0002972,0.0008916,0.0002972,0.0008916,0.0002972
45,2826.01,0.11896,0.70361,0.7519,0.99872,1,0.995,0.995,0.09151,0.76344,0.75805,0.0007728,0.0002576,0.0007728,0.0002576,0.0007728,0.0002576,0.0007728,0.0002576
46,2886.23,0.12319,0.7028,0.76536,0.99872,1,0.995,0.995,0.09068,0.74895,0.75814,0.000654,0.000218,0.000654,0.000218,0.000654,0.000218,0.000654,0.000218
47,2940.07,0.121,0.68781,0.76065,0.99872,1,0.995,0.995,0.08251,0.74112,0.75836,0.0005352,0.0001784,0.0005352,0.0001784,0.0005352,0.0001784,0.0005352,0.0001784
48,3006.19,0.11873,0.67114,0.75864,0.99871,1,0.995,0.995,0.09015,0.73385,0.75918,0.0004164,0.0001388,0.0004164,0.0001388,0.0004164,0.0001388,0.0004164,0.0001388
49,3105.04,0.11465,0.67592,0.75907,0.99871,1,0.995,0.995,0.08983,0.73717,0.75894,0.0002976,9.92e-05,0.0002976,9.92e-05,0.0002976,9.92e-05,0.0002976,9.92e-05
50,3215.2,0.11897,0.6674,0.75899,0.99872,1,0.995,0.995,0.08145,0.72318,0.75914,0.0001788,5.96e-05,0.0001788,5.96e-05,0.0001788,5.96e-05,0.0001788,5.96e-05
